Chain,ChainId,Residue,ResId,Dihedral Type,phi,psi,Amino Acid,Abbrev,Letter,Uppercase,Evaluation,CaBLAM Score,CA Geometry Score,Secondary Structure,Helix Score,Beta Score,3-10 Score,Residue type,Ramachandran Score,Phi,Psi,Rotamer Score,Chi1,Chi2,Chi3,Chi4,Clashscore,Max Clash Atom
C,0,PRO,2,Proline,,-176.657,Proline,Pro,P,PRO,,,,,,,,,,,,97.3234268859,331.8,34.6,333.2,,,
C,0,LEU,3,General,-62.7215,138.575,Leucine,Leu,L,LEU,,,,,,,,General,58.5442434891,-62.7216320809,138.57521469999998,2.2799799445599995,172.8,156.4,,,0.505,HD23
C,0,TYR,4,General,-115.12799999999999,128.804,Tyrosine,Tyr,Y,TYR,,,,,,,,General,56.437160733199995,-115.128471765,128.804019273,97.31424325309999,293.8,90.8,,,0.7509999999999999,HE1
C,0,GLU,5,General,-115.979,119.931,Glutamic acid,Glu,E,GLU,,,,,,,,General,37.503067592,-115.979222014,119.931002553,61.6135263296,173.4,187.2,178.4,,0.62,O
C,0,LEU,6,General,-122.934,133.635,Leucine,Leu,L,LEU,,,,,,,,General,54.3827539621,-122.934207389,133.634823155,2.50389216715,201.0,160.9,,,1.315,HG
C,0,ILE,7,General,-104.07799999999999,121.325,Isoleucine,Ile,I,ILE,,,,,,,,Ile/Val,55.5353850989,-104.078339721,121.32474940799999,51.024571799899995,303.4,179.1,,,0.41,N
C,0,VAL,8,General,-121.819,132.701,Valine,Val,V,VAL,,,,,,,,Ile/Val,70.2646558154,-121.81914827700001,132.700861416,82.018848656,177.8,,,,,
C,0,LEU,9,General,-108.602,129.843,Leucine,Leu,L,LEU,,,,,,,,General,55.316066823,-108.602095709,129.842944685,86.27863838290001,299.7,175.7,,,0.578,CD2
C,0,ALA,10,General,-129.64,158.264,Alanine,Ala,A,ALA,,,,,,,,General,39.8109822239,-129.640092799,158.2636884,,,,,,1.062,HB1
C,0,ARG,11,General,-61.5562,150.125,Arginine,Arg,R,ARG,,,,,,,,General,36.9674925228,-61.5561480266,150.124917585,21.1723095011,182.4,182.2,62.3,270.0,0.887,HD3
C,0,ALA,12,General,-60.3879,137.441,Alanine,Ala,A,ALA,,,,,,,,General,58.1414459784,-60.3879122508,137.44085838799998,,,,,,0.5920000000000001,O
C,0,ASN,13,General,-143.3,179.21400000000003,Asparagine,Asn,N,ASN,,,,,,,,General,7.21739109945,-143.299608246,179.214506082,28.8318506608,298.9,356.2,,,1.043,HB3
C,0,THR,14,General,-78.7147,-172.34400000000002,Threonine,Thr,T,THR,,,,,,,,General,2.94102761423,-78.71464087390001,-172.34428582299998,62.189559061400004,57.7,,,,,
C,0,ALA,15,General,-61.5601,-41.9723,Alanine,Ala,A,ALA,,,,,,,,General,98.1607885581,-61.560038643999995,-41.9723306652,,,,,,0.9640000000000001,O
C,0,LYS,16,General,-62.6288,-47.3318,Lysine,Lys,K,LYS,,,,,,,,General,84.2033297672,-62.6287908944,-47.3320331151,66.3702542717,308.0,302.0,178.6,180.8,0.581,HA
C,0,ALA,17,General,-63.4138,-50.6422,Alanine,Ala,A,ALA,,,,,,,,General,69.0155004904,-63.413774623100004,-50.6420670542,,,,,,1.043,HB3
C,0,THR,18,General,-64.62100000000001,-46.6108,Threonine,Thr,T,THR,,,,,,,,General,81.853892325,-64.6211369784,-46.610766131800005,74.5639410198,61.3,,,,,
C,0,THR,19,General,-63.7861,-36.4103,Threonine,Thr,T,THR,,,,,,,,General,83.79915941760001,-63.7861089449,-36.4102616543,78.36574858670001,60.3,,,,0.9640000000000001,HG23
C,0,SER,20,General,-61.4932,-35.5318,Serine,Ser,S,SER,,,,,,,,General,77.9374073806,-61.493261372700005,-35.5316725392,76.5251093459,60.2,,,,0.564,HB3
C,0,LEU,21,General,-61.1312,-42.4209,Leucine,Leu,L,LEU,,,,,,,,General,98.50879650690001,-61.1311777804,-42.420904169800004,0.6926067974510001,183.8,293.7,,,0.76,HD22
C,0,VAL,22,General,-62.4067,-47.1041,Valine,Val,V,VAL,,,,,,,,Ile/Val,94.5924746674,-62.406790406999995,-47.1041173212,84.8918665538,176.3,,,,1.1079999999999999,O
C,0,SER,23,General,-63.8762,-51.8616,Serine,Ser,S,SER,,,,,,,,General,62.626828326,-63.876272047200004,-51.8615110518,43.887419667299994,180.7,,,,,
C,0,SER,24,General,-64.5806,-51.086999999999996,Serine,Ser,S,SER,,,,,,,,General,64.5703039327,-64.58070776470001,-51.0869735929,72.2593009176,59.2,,,,,
C,0,VAL,25,General,-65.5991,-38.9912,Valine,Val,V,VAL,,,,,,,,Ile/Val,83.6755331492,-65.59906390319999,-38.9911535525,77.38482549300001,178.1,,,,0.76,HG23
C,0,ALA,26,General,-62.9445,-32.542,Alanine,Ala,A,ALA,,,,,,,,General,73.8744526068,-62.944457970900004,-32.5418617463,,,,,,1.1079999999999999,CB
C,0,GLN,27,General,-60.9093,-36.5296,Glutamine,Gln,Q,GLN,,,,,,,,General,79.5128739823,-60.9094797914,-36.5294232317,67.7138878336,181.5,178.4,3.6,,,
C,0,SER,28,General,-61.7101,-43.8773,Serine,Ser,S,SER,,,,,,,,General,98.00665001889999,-61.710123197799994,-43.8774141144,68.6305073271,58.7,,,,0.992,OG
C,0,ILE,29,General,-62.8738,-47.7236,Isoleucine,Ile,I,ILE,,,,,,,,Ile/Val,91.4649021497,-62.8738225304,-47.7234024498,45.961816307700005,302.5,180.8,,,0.8140000000000001,O
C,0,LEU,30,General,-64.0492,-45.1316,Leucine,Leu,L,LEU,,,,,,,,General,90.1780477445,-64.0492641755,-45.1316047317,89.7744396366,299.0,176.0,,,,
C,0,GLU,31,General,-64.8824,-48.1853,Glutamic acid,Glu,E,GLU,,,,,,,,General,75.14550968649999,-64.8823551136,-48.1852797742,92.615295783,179.8,178.5,355.9,,,
C,0,LYS,32,General,-64.40899999999999,-43.3698,Lysine,Lys,K,LYS,CaBLAM Disfavored,0.03372,0.21478000000000003,,0.0012900000000000001,0.0,0.0,General,94.6040676292,-64.4089258349,-43.3699244632,57.0706532159,300.7,179.1,179.8,299.1,1.1340000000000001,NZ
C,0,GLY,33,Glycine,149.076,179.44299999999998,Glycine,Gly,G,GLY,CaBLAM Outlier,0.00186,0.00944,,0.00022999999999999998,0.0,0.0,Gly,24.963257734699997,149.07647046600002,179.44294300599998,,,,,,0.8140000000000001,O
C,0,GLY,34,Glycine,81.9286,-175.484,Glycine,Gly,G,GLY,,,,,,,,Gly,53.999973015200005,81.928557352,-175.484004721,,,,,,0.42100000000000004,O
C,0,ASN,35,General,-137.37,154.516,Asparagine,Asn,N,ASN,,,,,,,,General,49.995265027200006,-137.370221217,154.515314511,8.4906477768,300.0,5.4,,,0.42100000000000004,OD1
C,0,VAL,36,General,-111.76799999999999,112.51299999999999,Valine,Val,V,VAL,,,,,,,,Ile/Val,40.8401945665,-111.76831701799999,112.513466489,4.98554801078,57.0,,,,0.452,O
C,0,ARG,37,General,-64.6718,-52.2735,Arginine,Arg,R,ARG,,,,,,,,General,58.128643852299994,-64.6718583066,-52.2734080424,29.7370520646,310.3,295.9,180.5,86.6,,
C,0,ASN,38,General,-160.22799999999998,151.334,Asparagine,Asn,N,ASN,,,,,,,,General,19.1964487547,-160.228277343,151.333583509,53.25809482729999,294.0,357.4,,,,
C,0,THR,39,General,-125.319,126.446,Threonine,Thr,T,THR,,,,,,,,General,45.0921258683,-125.318608541,126.446169517,76.03444375689999,60.0,,,,,
C,0,THR,40,General,-138.45600000000002,156.481,Threonine,Thr,T,THR,,,,,,,,General,47.510671615,-138.456283606,156.481208383,72.729307182,59.6,,,,0.556,O
C,0,ILE,41,General,-110.40100000000001,122.76100000000001,Isoleucine,Ile,I,ILE,,,,,,,,Ile/Val,65.504057926,-110.400819516,122.76108369100001,3.9670446351999997,181.7,180.1,,,1.755,HD11
C,0,LEU,42,General,-62.2935,-45.1491,Leucine,Leu,L,LEU,CaBLAM Disfavored,0.02135,0.01975,,0.0,0.0,0.0,General,94.5529237984,-62.2934954279,-45.1490482857,0.292287530344,299.2,56.8,,,1.07,HB2
C,0,GLY,43,Glycine,145.986,179.109,Glycine,Gly,G,GLY,,,,,,,,Gly,21.957382112199998,145.985759084,179.10941916099998,,,,,,0.835,O
C,0,ASP,44,General,-116.147,124.715,Aspartic acid,Asp,D,ASP,,,,,,,,General,51.0200798075,-116.146534933,124.71522887,14.8166850248,300.4,178.9,,,1.311,CG
C,0,ARG,45,General,-133.08100000000002,151.07,Arginine,Arg,R,ARG,,,,,,,,General,52.0471941648,-133.081330718,151.069916474,14.121529776400001,63.7,173.2,62.0,92.4,1.531,NH1
C,0,ILE,46,General,-63.6863,136.5,Isoleucine,Ile,I,ILE,,,,,,,,Ile/Val,26.182761069899996,-63.6863839859,136.500051456,31.120228690500003,308.5,179.4,,,1.185,HA
C,0,LEU,47,General,-79.0506,131.487,Leucine,Leu,L,LEU,,,,,,,,General,36.2853892452,-79.05059968890001,131.48670505799998,0.214658678609,298.0,296.4,,,0.826,HD22
C,0,ASN,48,General,-62.9633,-41.8083,Asparagine,Asn,N,ASN,,,,,,,,General,99.6401404637,-62.9632529333,-41.8083062469,30.460714920300003,298.9,355.6,,,,
C,0,ARG,49,General,-119.193,133.203,Arginine,Arg,R,ARG,,,,,,,,General,55.9013293441,-119.19258941700001,133.202661716,75.9643166102,184.0,174.9,302.3,273.0,,
C,0,THR,50,General,-62.6671,138.266,Threonine,Thr,T,THR,,,,,,,,General,58.4594023724,-62.667020953299996,138.265816699,79.6705834582,60.4,,,,0.743,HG22
C,0,VAL,51,General,-120.287,131.805,Valine,Val,V,VAL,,,,,,,,Ile/Val,71.5944137126,-120.286578349,131.804485082,69.9585604177,178.8,,,,0.525,HG12
C,0,LYS,52,General,-64.0545,136.024,Lysine,Lys,K,LYS,,,,,,,,General,56.924379047200006,-64.0544515094,136.02402874700002,69.8559305695,304.3,301.0,180.0,180.0,1.2930000000000001,NZ
C,0,GLY,53,Glycine,-76.0076,164.16,Glycine,Gly,G,GLY,,,,,,,,Gly,53.6035229278,-76.0076631546,164.159864119,,,,,,,
C,0,ASN,54,General,-62.394,-36.3044,Asparagine,Asn,N,ASN,,,,,,,,General,81.9026739864,-62.3939232322,-36.304441651,41.203597021,190.0,359.4,,,1.83,HD22
C,0,ASP,55,General,-94.7636,16.191,Aspartic acid,Asp,D,ASP,,,,,,,,General,16.4385845174,-94.76373320639999,16.191184062,18.260992873299998,301.3,354.8,,,,
C,0,ASP,56,General,70.8949,24.4371,Aspartic acid,Asp,D,ASP,,,,,,,,General,4.090626031919999,70.89470515,24.437076896300002,1.09444434174,307.2,1.3,,,,
C,0,LYS,57,General,-109.83200000000001,123.616,Lysine,Lys,K,LYS,,,,,,,,General,49.880059987799996,-109.83244910399999,123.61600028,20.245086995599998,178.7,191.8,305.0,177.1,,
C,0,LYS,58,General,-64.6906,137.885,Lysine,Lys,K,LYS,,,,,,,,General,58.0709079412,-64.6905588075,137.88527943,59.1460054846,296.4,185.5,179.6,300.9,1.2930000000000001,CD
C,0,HIS,59,General,-127.53299999999999,157.57299999999998,Histidine,His,H,HIS,,,,,,,,General,39.7666456177,-127.532638943,157.573334555,57.6286878595,281.5,285.7,,,0.887,NE2
C,0,LEU,60,General,-117.63799999999999,-40.4266,Leucine,Leu,L,LEU,,,,,,,,General,3.03344583681,-117.63769157,-40.4267301592,0.020527160402,261.3,123.7,,,0.743,HG
C,0,VAL,61,General,-129.213,129.584,Valine,Val,V,VAL,,,,,,,,Ile/Val,67.5921996818,-129.213400162,129.583995225,0.038408461444300004,133.1,,,,1.185,HB
C,0,GLY,62,Glycine,-123.204,-97.1961,Glycine,Gly,G,GLY,CaBLAM Outlier,0.00155,0.27614,,0.0,0.00049,0.0,Gly,1.29696490891,-123.20431139600001,-97.1961802692,,,,,,0.716,N
C,0,ARG,63,General,170.2,144.322,Arginine,Arg,R,ARG,CaBLAM Outlier,0.00026000000000000003,0.028,try beta sheet,0.0,0.0016699999999999998,0.0,General,0.027427604446299998,170.200030983,144.322225054,49.2016201176,184.6,173.6,297.4,182.7,1.755,HD3
C,0,TYR,64,General,-108.075,123.00299999999999,Tyrosine,Tyr,Y,TYR,,,,,,,,General,48.0340307934,-108.074935164,123.003038089,99.73191197,297.3,92.2,,,1.531,CE1
C,0,VAL,65,General,-115.291,128.079,Valine,Val,V,VAL,,,,,,,,Ile/Val,72.6207820978,-115.290645044,128.07865853799998,81.4539846812,176.6,,,,0.604,HA
C,0,GLN,66,General,-110.162,116.243,Glutamine,Gln,Q,GLN,,,,,,,,General,31.174084573800002,-110.162121999,116.242516792,6.0875349751600005,182.2,178.4,179.0,,0.9440000000000001,HB2
C,0,ILE,67,General,-124.212,122.288,Isoleucine,Ile,I,ILE,,,,,,,,Ile/Val,63.8776351284,-124.212070003,122.287504683,0.417633213624,286.1,200.5,,,,
C,0,LEU,68,General,-112.01299999999999,126.21600000000001,Leucine,Leu,L,LEU,,,,,,,,General,54.9122287299,-112.013367775,126.21567020399999,3.14599491125,299.6,100.5,,,,
C,0,TYR,69,General,-141.234,-176.105,Tyrosine,Tyr,Y,TYR,,,,,,,,General,4.5836282833399995,-141.233746816,-176.105163601,48.536241329,57.7,266.6,,,0.613,CG
C,0,ASP,70,General,-138.018,125.061,Aspartic acid,Asp,D,ASP,,,,,,,,General,21.4000843767,-138.01746863,125.061071381,64.1354376895,181.6,359.3,,,,
C,0,GLY,71,Glycine,-155.458,170.541,Glycine,Gly,G,GLY,,,,,,,,Gly,33.464268648,-155.457677483,170.540903943,,,,,,0.988,HA3
C,0,ASN,72,Pre-Pro,-66.1314,151.55100000000002,Asparagine,Asn,N,ASN,,,,,,,,pre-Pro,95.3555252648,-66.1315050056,151.550769118,15.0428552984,297.9,3.7,,,0.775,H
C,0,PRO,73,Proline,-61.9076,-40.9274,Proline,Pro,P,PRO,,,,,,,,trans-Pro,40.500140912,-61.907769268500005,-40.9272893069,33.126380876700004,21.9,326.2,31.7,,1.182,O
C,0,GLN,74,General,-64.4877,-39.0532,Glutamine,Gln,Q,GLN,,,,,,,,General,93.0750792118,-64.4878662679,-39.052915910100005,72.0111566857,301.1,177.1,357.3,,,
C,0,MET,75,General,-62.466,-33.1794,Methionine,Met,M,MET,,,,,,,,General,74.3285785263,-62.4660664579,-33.1792531436,45.310282738999994,177.9,181.5,60.2,,0.988,CE
C,0,MET,76,General,-59.1563,-37.2494,Methionine,Met,M,MET,,,,,,,,General,76.8602114656,-59.15637417399999,-37.249379029800004,11.464255451800001,52.4,182.0,177.3,,1.182,HG2
C,0,GLY,77,Glycine,-61.153999999999996,-40.9006,Glycine,Gly,G,GLY,,,,,,,,Gly,99.19803441180001,-61.1541569571,-40.9005967271,,,,,,,
C,0,GLN,78,General,-63.3171,-40.9865,Glutamine,Gln,Q,GLN,,,,,,,,General,98.84861791770001,-63.316974059799996,-40.9865002633,67.42914802909999,301.9,178.9,1.5,,1.1340000000000001,OE1
C,0,ILE,79,General,-63.606,-41.0695,Isoleucine,Ile,I,ILE,,,,,,,,Ile/Val,91.365028451,-63.6061177844,-41.0692790538,46.2614555038,305.2,300.8,,,0.992,HD12
C,0,GLU,80,General,-62.8448,-38.1207,Glutamic acid,Glu,E,GLU,,,,,,,,General,89.5346494824,-62.8449378825,-38.1207389912,90.5722956685,300.6,179.8,3.4,,1.5859999999999999,OE2
C,0,LYS,81,General,-62.2778,-40.6179,Lysine,Lys,K,LYS,,,,,,,,General,96.8394436745,-62.2776298387,-40.618150986399996,37.5762744822,301.2,180.6,300.9,178.7,0.882,HE2
C,0,ALA,82,General,-62.7765,-44.9659,Alanine,Ala,A,ALA,,,,,,,,General,94.7973875898,-62.7763184633,-44.965895376499994,,,,,,,
C,0,ALA,83,General,-62.928000000000004,-43.9167,Alanine,Ala,A,ALA,,,,,,,,General,97.49143912790001,-62.9280570612,-43.916599561999995,,,,,,,
C,0,ARG,84,General,-65.9273,-40.8101,Arginine,Arg,R,ARG,,,,,,,,General,91.7528119424,-65.9273020752,-40.810225857199995,29.4942316135,184.9,178.2,301.3,91.3,,
C,0,GLU,85,General,-63.1677,-38.0279,Glutamic acid,Glu,E,GLU,,,,,,,,General,89.5547543904,-63.167518190900005,-38.0279124841,91.0514288225,184.2,176.3,179.2,,0.49,N
C,0,SER,86,General,-61.7032,144.2,Serine,Ser,S,SER,,,,,,,,General,54.9810059252,-61.703198688,144.199462215,76.817817533,60.2,,,,0.519,C
C,0,ASN,87,General,-62.5246,-37.6446,Asparagine,Asn,N,ASN,,,,,,,,General,86.8788755099,-62.5243717149,-37.6446402834,0.8720264440009999,301.8,181.7,,,1.83,HA
C,0,GLU,88,General,-61.3581,-40.6661,Glutamic acid,Glu,E,GLU,,,,,,,,General,95.12949037850001,-61.358062744099996,-40.666145665900004,10.9524561479,298.0,64.5,5.4,,1.062,O
C,0,GLY,89,Glycine,-110.35,125.007,Glycine,Gly,G,GLY,,,,,,,,Gly,7.305173093139999,-110.34962670200001,125.00721296,,,,,,0.912,HA2
C,0,ILE,90,General,-74.2388,-41.0407,Isoleucine,Ile,I,ILE,,,,,,,,Ile/Val,51.049971983,-74.2387690922,-41.040781336,0.16269531879899998,298.4,62.5,,,0.703,HD12
C,0,ARG,91,General,-131.67,149.157,Arginine,Arg,R,ARG,,,,,,,,General,52.5827215496,-131.669790541,149.157389101,95.60633445030001,299.2,179.3,179.0,179.8,0.485,HG3
C,0,ALA,92,General,-122.56200000000001,131.873,Alanine,Ala,A,ALA,,,,,,,,General,54.039714331300004,-122.562398915,131.87302084799998,,,,,,,
C,0,LYS,93,General,-131.765,146.89700000000002,Lysine,Lys,K,LYS,,,,,,,,General,52.406561378199996,-131.765490266,146.896599093,31.184383036999996,206.7,161.8,188.3,179.7,1.315,O
C,0,THR,94,General,-118.47,129.341,Threonine,Thr,T,THR,,,,,,,,General,55.324997657,-118.469997926,129.34078037,79.3098491332,60.4,,,,1.5859999999999999,HG21
C,0,PHE,95,General,-133.564,147.561,Phenylalanine,Phe,F,PHE,,,,,,,,General,51.556879565100004,-133.564228219,147.561048056,83.8055155829,290.3,278.0,,,0.62,N
C,0,LYS,96,General,-92.8653,-128.398,Lysine,Lys,K,LYS,CaBLAM Disfavored,0.03645,0.54456,try beta sheet,0.0,0.08727,0.0,General,0.107847028766,-92.8652869155,-128.398637105,0.0,24.9,129.4,57.1,147.7,0.525,O
C,0,ILE,97,General,146.529,-39.7872,Isoleucine,Ile,I,ILE,,,,,,,,Ile/Val,0.00133604348053,146.52956629,-39.7872125767,1.0078023064700001,47.6,149.0,,,0.525,HG23
C,0,LYS,98,General,57.4102,31.7123,Lysine,Lys,K,LYS,CaBLAM Disfavored,0.03485,0.33914,,0.00062,0.0,0.0,General,20.6370694543,57.410197303500006,31.712341093000003,0.0,309.7,142.3,294.8,85.5,0.45,NZ
C,0,ASP,99,General,-135.467,-120.932,Aspartic acid,Asp,D,ASP,CA Geom Outlier,0.00018,0.00421,,0.0,0.0,0.0,General,0.162224498951,-135.466670953,-120.93234450700001,4.38894199887,202.7,302.7,,,,
C,0,PHE,100,General,75.5013,10.2888,Phenylalanine,Phe,F,PHE,CaBLAM Outlier,0.0004,0.11696,,0.00018,0.00125,0.0,General,3.5039494890199996,75.5012529854,10.288961335,55.240687038900006,175.0,64.3,,,0.515,CG
C,0,TYR,101,General,-135.08100000000002,28.0501,Tyrosine,Tyr,Y,TYR,,,,,,,,General,3.4865207391199995,-135.080787017,28.049892275100003,72.80638967600001,294.4,290.1,,,,
C,0,SER,102,General,-77.5186,164.28799999999998,Serine,Ser,S,SER,,,,,,,,General,25.538599224699997,-77.51867695039999,164.288192712,0.01628852888,114.5,,,,,
C,0,ASP,103,General,-66.1321,-40.7621,Aspartic acid,Asp,D,ASP,,,,,,,,General,90.88963561930001,-66.1319718094,-40.762044412,17.1522623905,300.7,357.0,,,1.0070000000000001,O
C,0,ALA,104,General,-73.7339,-47.4935,Alanine,Ala,A,ALA,,,,,,,,General,38.8567375645,-73.7338999815,-47.493422063900006,,,,,,1.74,HA
C,0,GLN,105,General,-64.3907,-44.5857,Glutamine,Gln,Q,GLN,,,,,,,,General,90.85226297610001,-64.3909042583,-44.5856911409,30.8678773287,299.8,299.3,359.7,,,
C,0,LEU,106,General,-65.7175,-41.2623,Leucine,Leu,L,LEU,,,,,,,,General,92.48326194190001,-65.7175354742,-41.2622776353,1.3629840519499998,182.8,168.9,,,0.654,HD23
C,0,PHE,107,General,-52.6381,-62.2661,Phenylalanine,Phe,F,PHE,,,,,,,,General,1.7549864928299999,-52.6381755136,-62.266044544399996,51.9633983907,59.1,87.9,,,1.74,CE2
C,0,ARG,108,General,-65.4674,-37.5312,Arginine,Arg,R,ARG,,,,,,,,General,87.127361296,-65.4673845564,-37.5312048269,0.00234394255915,215.5,26.1,246.8,166.4,1.204,HA
C,0,ARG,109,General,-49.5526,-4.7237,Arginine,Arg,R,ARG,,,,,,,,General,0.016462800974399998,-49.5526224336,-4.72361638895,29.553953503400002,195.8,184.4,307.2,119.7,,
C,0,ALA,110,General,-116.881,-41.4703,Alanine,Ala,A,ALA,,,,,,,,General,3.03574471524,-116.88117030299999,-41.4705189213,,,,,,1.173,O
C,0,LEU,111,General,-87.7602,-5.04681,Leucine,Leu,L,LEU,,,,,,,,General,58.8359501237,-87.7600823398,-5.04667626422,87.24268385479999,300.4,177.7,,,1.149,O
C,0,LYS,112,General,-55.5331,-40.7896,Lysine,Lys,K,LYS,,,,,,,,General,72.29837459779999,-55.5332016408,-40.7895574001,34.589999639,183.6,176.6,61.6,179.1,,
C,0,GLN,113,General,-69.7468,-27.1717,Glutamine,Gln,Q,GLN,,,,,,,,General,64.72455210000001,-69.74673535310001,-27.1717483577,1.04745798682,52.7,185.2,178.2,,0.753,H
C,0,THR,114,General,-61.9499,-4.30781,Threonine,Thr,T,THR,,,,,,,,General,1.54564049247,-61.9499055712,-4.30774473998,78.1233396132,60.2,,,,1.149,OG1
C,0,SER,115,Pre-Pro,-116.792,-152.109,Serine,Ser,S,SER,CA Geom Outlier,0.00061,0.00022999999999999998,,0.01884,0.0,0.09969,pre-Pro,0.014973642403200002,-116.791683145,-152.109496038,1.42542368898,90.6,,,,0.8759999999999999,HA
C,0,PRO,116,Proline,74.6285,-119.47200000000001,Proline,Pro,P,PRO,CA Geom Outlier,0.0,0.00146,,4e-05,0.0,0.0,trans-Pro,0.0,74.6286142421,-119.472304864,0.471684434054,322.1,31.8,343.9,,1.286,HD3
C,0,VAL,117,General,-100.62899999999999,112.30799999999999,Valine,Val,V,VAL,,,,,,,,Ile/Val,32.991632998600004,-100.629517118,112.308307953,0.00315053257509,233.9,,,,0.605,O
C,0,TYR,118,Pre-Pro,-37.7202,96.4048,Tyrosine,Tyr,Y,TYR,CaBLAM Disfavored,0.02812,0.06376,,0.0,0.0,0.0,pre-Pro,0.1095888193,-37.7203969059,96.4048755492,0.0716827357677,300.2,33.0,,,1.286,OH
C,0,PRO,119,Proline,-138.446,-161.07,Proline,Pro,P,PRO,CA Geom Outlier,0.01008,0.0,,0.0,0.02478,0.0,trans-Pro,0.00152152039055,-138.445723438,-161.070307871,0.00030064781799400003,48.3,329.1,359.0,,0.608,HD3
C,0,SER,120,General,-126.11200000000001,-63.8396,Serine,Ser,S,SER,CA Geom Outlier,0.02469,0.00483,,0.0,0.0,0.0,General,1.08114293922,-126.11160207100001,-63.839588113599994,11.3468743278,81.9,,,,0.5710000000000001,O
C,0,TYR,121,General,-9.99364,-47.4334,Tyrosine,Tyr,Y,TYR,CaBLAM Outlier,0.00303,0.0329,,4e-05,0.0,0.0,General,0.0,-9.993635306289999,-47.433238549399995,0.114943932657,136.7,66.7,,,0.496,CE2
C,0,LEU,122,General,-108.03200000000001,-36.9344,Leucine,Leu,L,LEU,CaBLAM Disfavored,0.04968,0.10047,,0.00603,0.0,8e-05,General,6.201794823029999,-108.03210504,-36.9342059406,6.809177181849999,286.1,192.3,,,0.5710000000000001,N
C,0,ASN,123,General,-54.2935,121.58,Asparagine,Asn,N,ASN,,,,,,,,General,8.54228783928,-54.2936431101,121.580419941,12.122137410999999,201.5,319.2,,,0.524,N
C,0,ASP,124,General,-113.90299999999999,129.721,Aspartic acid,Asp,D,ASP,,,,,,,,General,56.567852311,-113.902831779,129.720807769,23.3510130907,57.0,157.1,,,,
C,0,LYS,125,General,-70.8065,-44.5908,Lysine,Lys,K,LYS,,,,,,,,General,66.2572926447,-70.8064946273,-44.5906897534,0.0,267.3,350.1,77.8,35.5,0.499,HA
C,0,SER,126,General,-64.5442,-47.0284,Serine,Ser,S,SER,,,,,,,,General,80.3121008021,-64.5441561949,-47.0285104503,57.2747918242,57.5,,,,,
C,0,TYR,127,General,-63.11,-39.2599,Tyrosine,Tyr,Y,TYR,,,,,,,,General,94.17432963389999,-63.109818403999995,-39.2601752891,0.08860155855900001,136.3,63.7,,,,
C,0,LEU,128,General,-60.4528,-46.8605,Leucine,Leu,L,LEU,,,,,,,,General,88.5277580324,-60.4527024829,-46.860517369300005,0.0,214.9,226.9,,,,
C,0,HIS,129,General,-64.1845,-42.8111,Histidine,His,H,HIS,,,,,,,,General,96.5185346041,-64.1846315909,-42.8109001683,20.0354515011,182.8,44.1,,,0.504,O
C,0,GLN,130,General,-62.0172,-45.7272,Glutamine,Gln,Q,GLN,,,,,,,,General,92.3177088306,-62.01742861,-45.7272000879,1.6058684928,276.0,137.9,37.1,,0.527,O
C,0,LEU,131,General,-64.8439,-38.8721,Leucine,Leu,L,LEU,,,,,,,,General,92.4344615885,-64.8437768984,-38.8721759914,0.128572277521,171.4,30.0,,,0.769,O
C,0,LYS,132,General,-61.6375,-39.1849,Lysine,Lys,K,LYS,,,,,,,,General,90.4158294569,-61.637448730900005,-39.1849196254,0.0,185.3,281.9,286.5,85.2,0.922,HZ3
C,0,GLN,133,General,-127.912,72.0414,Glutamine,Gln,Q,GLN,CaBLAM Disfavored,0.04709,0.12394000000000001,,0.00055,0.0,0.0,General,1.39146016137,-127.911522624,72.0413782907,0.0040691558507,40.3,91.0,210.9,,0.922,HG2
C,0,ILE,134,General,-116.24700000000001,145.786,Isoleucine,Ile,I,ILE,CaBLAM Disfavored,0.02585,0.02445,,0.00128,0.0,0.0,Ile/Val,21.533539542899998,-116.24697870799999,145.786407369,0.13743786164400001,216.0,147.9,,,0.527,HB
C,0,ALA,135,General,93.1523,159.287,Alanine,Ala,A,ALA,,,,,,,,General,0.0301677486883,93.15213960969999,159.286943888,,,,,,0.49200000000000005,HB3
C,0,LYS,136,General,-137.809,153.94,Lysine,Lys,K,LYS,,,,,,,,General,49.5927229046,-137.809459776,153.939617722,0.0,194.2,79.7,326.2,100.5,1.04,HE3
C,0,LYS,137,General,-52.8456,,Lysine,Lys,K,LYS,,,,,,,,,,,,0.0,51.1,288.6,338.5,216.2,1.013,HE3
